hypothesis,k1,norm,alpha,extra,ndcg10
bm25_default,1.2,linear,b=0.75,,0.403495
bm25_tuned,1.2,linear,b=0.90,,0.408073
bm25_tuned,1.2,linear,b=1.00,,0.408275
power,1.8,power,a=0.20,,0.362593
power,1.8,power,a=0.25,,0.367222
power,1.8,power,a=0.30,,0.371543
power,1.8,power,a=0.35,,0.377088
power,1.8,power,a=0.40,,0.382299
power,1.8,power,a=0.45,,0.387366
power,1.8,power,a=0.50,,0.391781
power,1.8,power,a=0.55,,0.395004
power,1.8,power,a=0.60,,0.398856
power,1.8,power,a=0.65,,0.400839
power,1.8,power,a=0.70,,0.405096
power,1.8,power,a=0.75,,0.406888
power,1.8,power,a=0.80,,0.408463
power,1.8,power,a=0.90,,0.409114
power,1.8,power,a=1.00,,0.405600
power_k1,1.0,power,a=0.30,,0.372899
power_k1,1.2,power,a=0.30,,0.373501
power_k1,1.4,power,a=0.30,,0.373024
power_k1,1.6,power,a=0.30,,0.372657
power_k1,1.8,power,a=0.30,,0.371543
power_k1,2.0,power,a=0.30,,0.370746
power_k1,1.0,power,a=0.40,,0.380573
power_k1,1.2,power,a=0.40,,0.381643
power_k1,1.4,power,a=0.40,,0.382568
power_k1,1.6,power,a=0.40,,0.382474
power_k1,1.8,power,a=0.40,,0.382299
power_k1,2.0,power,a=0.40,,0.381630
power_k1,1.0,power,a=0.50,,0.388222
power_k1,1.2,power,a=0.50,,0.389735
power_k1,1.4,power,a=0.50,,0.391446
power_k1,1.6,power,a=0.50,,0.391779
power_k1,1.8,power,a=0.50,,0.391781
power_k1,2.0,power,a=0.50,,0.392012
power_k1,1.0,power,a=0.60,,0.394000
power_k1,1.2,power,a=0.60,,0.395549
power_k1,1.4,power,a=0.60,,0.396832
power_k1,1.6,power,a=0.60,,0.397525
power_k1,1.8,power,a=0.60,,0.398856
power_k1,2.0,power,a=0.60,,0.398252
power_k1,1.0,power,a=0.70,,0.399120
power_k1,1.2,power,a=0.70,,0.401596
power_k1,1.4,power,a=0.70,,0.404737
power_k1,1.6,power,a=0.70,,0.404074
power_k1,1.8,power,a=0.70,,0.405096
power_k1,2.0,power,a=0.70,,0.403704
log,1.0,log,,,0.397928
log,1.2,log,,,0.401274
log,1.4,log,,,0.403794
log,1.6,log,,,0.403791
log,1.8,log,,,0.404673
log,2.0,log,,,0.403736
sigmoid,1.0,sigmoid,,,0.380503
sigmoid,1.2,sigmoid,,,0.381507
sigmoid,1.4,sigmoid,,,0.382480
sigmoid,1.6,sigmoid,,,0.383346
sigmoid,1.8,sigmoid,,,0.382778
sigmoid,2.0,sigmoid,,,0.382863
hinged,1.2,hinged,a=0.30,,0.389104
hinged,1.5,hinged,a=0.30,,0.391489
hinged,1.8,hinged,a=0.30,,0.392767
hinged,1.2,hinged,a=0.40,,0.394173
hinged,1.5,hinged,a=0.40,,0.398100
hinged,1.8,hinged,a=0.40,,0.398218
hinged,1.2,hinged,a=0.50,,0.399257
hinged,1.5,hinged,a=0.50,,0.403540
hinged,1.8,hinged,a=0.50,,0.403384
hinged,1.2,hinged,a=0.60,,0.402515
hinged,1.5,hinged,a=0.60,,0.405698
hinged,1.8,hinged,a=0.60,,0.405829
hinged,1.2,hinged,a=0.70,,0.403766
hinged,1.5,hinged,a=0.70,,0.406997
hinged,1.8,hinged,a=0.70,,0.406983
hinged,1.2,hinged,a=0.80,,0.407202
hinged,1.5,hinged,a=0.80,,0.409314
hinged,1.8,hinged,a=0.80,,0.407941
asymmetric,1.8,asymmetric,a1=0.70,a2=0.30,0.384620
asymmetric,1.8,asymmetric,a1=0.70,a2=0.40,0.391678
asymmetric,1.8,asymmetric,a1=0.70,a2=0.50,0.397886
asymmetric,1.8,asymmetric,a1=0.70,a2=0.60,0.401864
asymmetric,1.8,asymmetric,a1=0.80,a2=0.30,0.388073
asymmetric,1.8,asymmetric,a1=0.80,a2=0.40,0.394597
asymmetric,1.8,asymmetric,a1=0.80,a2=0.50,0.400780
asymmetric,1.8,asymmetric,a1=0.80,a2=0.60,0.404573
asymmetric,1.8,asymmetric,a1=0.90,a2=0.30,0.391241
asymmetric,1.8,asymmetric,a1=0.90,a2=0.40,0.397703
asymmetric,1.8,asymmetric,a1=0.90,a2=0.50,0.403090
asymmetric,1.8,asymmetric,a1=0.90,a2=0.60,0.406675
asymmetric,1.8,asymmetric,a1=1.00,a2=0.30,0.392767
asymmetric,1.8,asymmetric,a1=1.00,a2=0.40,0.398218
asymmetric,1.8,asymmetric,a1=1.00,a2=0.50,0.403384
asymmetric,1.8,asymmetric,a1=1.00,a2=0.60,0.405829
saturation,1.2,saturation,c=0.5,,0.368869
saturation,1.5,saturation,c=0.5,,0.369014
saturation,1.8,saturation,c=0.5,,0.368072
saturation,1.2,saturation,c=1.0,,0.381507
saturation,1.5,saturation,c=1.0,,0.382117
saturation,1.8,saturation,c=1.0,,0.382778
saturation,1.2,saturation,c=2.0,,0.394827
saturation,1.5,saturation,c=2.0,,0.398833
saturation,1.8,saturation,c=2.0,,0.398506
saturation,1.2,saturation,c=3.0,,0.400577
saturation,1.5,saturation,c=3.0,,0.404437
saturation,1.8,saturation,c=3.0,,0.404981
saturation,1.2,saturation,c=5.0,,0.404362
saturation,1.5,saturation,c=5.0,,0.407770
saturation,1.8,saturation,c=5.0,,0.407714
softplus,1.0,softplus,,,0.399931
softplus,1.2,softplus,,,0.401555
softplus,1.4,softplus,,,0.404645
softplus,1.6,softplus,,,0.403717
softplus,1.8,softplus,,,0.402598
softplus,2.0,softplus,,,0.401085
dualpivot,1.8,dualpivot,ss=0.50,sl=0.25 a=0.40,0.371476
dualpivot,1.8,dualpivot,ss=0.50,sl=0.25 a=0.50,0.373661
dualpivot,1.8,dualpivot,ss=0.50,sl=0.25 a=0.60,0.375457
dualpivot,1.8,dualpivot,ss=0.50,sl=0.50 a=0.40,0.386474
dualpivot,1.8,dualpivot,ss=0.50,sl=0.50 a=0.50,0.389438
dualpivot,1.8,dualpivot,ss=0.50,sl=0.50 a=0.60,0.391568
dualpivot,1.8,dualpivot,ss=0.50,sl=0.75 a=0.40,0.396962
dualpivot,1.8,dualpivot,ss=0.50,sl=0.75 a=0.50,0.398610
dualpivot,1.8,dualpivot,ss=0.50,sl=0.75 a=0.60,0.399084
dualpivot,1.8,dualpivot,ss=0.75,sl=0.25 a=0.40,0.380824
dualpivot,1.8,dualpivot,ss=0.75,sl=0.25 a=0.50,0.383015
dualpivot,1.8,dualpivot,ss=0.75,sl=0.25 a=0.60,0.384360
dualpivot,1.8,dualpivot,ss=0.75,sl=0.50 a=0.40,0.393208
dualpivot,1.8,dualpivot,ss=0.75,sl=0.50 a=0.50,0.396093
dualpivot,1.8,dualpivot,ss=0.75,sl=0.50 a=0.60,0.398403
dualpivot,1.8,dualpivot,ss=0.75,sl=0.75 a=0.40,0.402977
dualpivot,1.8,dualpivot,ss=0.75,sl=0.75 a=0.50,0.404265
dualpivot,1.8,dualpivot,ss=0.75,sl=0.75 a=0.60,0.405536
dualpivot,1.8,dualpivot,ss=1.00,sl=0.25 a=0.40,0.388952
dualpivot,1.8,dualpivot,ss=1.00,sl=0.25 a=0.50,0.390922
dualpivot,1.8,dualpivot,ss=1.00,sl=0.25 a=0.60,0.392677
dualpivot,1.8,dualpivot,ss=1.00,sl=0.50 a=0.40,0.400132
dualpivot,1.8,dualpivot,ss=1.00,sl=0.50 a=0.50,0.401770
dualpivot,1.8,dualpivot,ss=1.00,sl=0.50 a=0.60,0.403443
dualpivot,1.8,dualpivot,ss=1.00,sl=0.75 a=0.40,0.406094
dualpivot,1.8,dualpivot,ss=1.00,sl=0.75 a=0.50,0.407498
dualpivot,1.8,dualpivot,ss=1.00,sl=0.75 a=0.60,0.408573
log_tf,1.2,power,a=0.5,tf=log,0.403460
dlog_tf,1.2,power,a=0.5,tf=dlog,0.404001
capped_tf,1.2,power,a=0.5,tf=cap5,0.394667
capped_tf,1.2,power,a=0.5,tf=cap3,0.393936
log_tf,1.5,power,a=0.5,tf=log,0.405783
dlog_tf,1.5,power,a=0.5,tf=dlog,0.403937
capped_tf,1.5,power,a=0.5,tf=cap5,0.396885
capped_tf,1.5,power,a=0.5,tf=cap3,0.396691
log_tf,1.8,power,a=0.5,tf=log,0.407090
dlog_tf,1.8,power,a=0.5,tf=dlog,0.403644
capped_tf,1.8,power,a=0.5,tf=cap5,0.397394
capped_tf,1.8,power,a=0.5,tf=cap3,0.398516
squared_idf,1.5,power,a=0.5,idf=sq,0.386384
smoothed_idf,1.5,power,a=0.5,idf=sm,0.392082
atire_idf,1.5,power,a=0.5,idf=atire,0.391703
squared_idf,1.8,power,a=0.5,idf=sq,0.386089
smoothed_idf,1.8,power,a=0.5,idf=sm,0.391584
atire_idf,1.8,power,a=0.5,idf=atire,0.392243
delta_sqrt,1.8,power,a=0.5,d=0.5,0.385172
delta_linear,1.2,linear,b=0.75,d=0.5,0.396361
delta_sqrt,1.8,power,a=0.5,d=1.0,0.381173
delta_linear,1.2,linear,b=0.75,d=1.0,0.390598
